Workbook

Sheet 说明
A1: Codex 课试讲记录表
A2: 用途：试讲时记下学员在哪里卡住、问了什么、额度在哪用完，课后按记录改课件。
A4: 怎么填
A5: • 黄色格子是要填的；灰色斜体的第一行是示例，照着格式填就行，填完可以删掉。
A6: • 有下拉箭头的格子，直接点选，不用打字。
A7: • 「练习统计」那张表是自动算的，不用填。
A9: 谁填哪张
A10: • 学员情况：开课前登记 + 课上每做完一个练习就更新（助教）
A11: • 卡点记录：谁卡住了就记一条，越具体越好（助教，边走边记）
A12: • 学员提问：学员问的原话（讲师或助教）
A13: • 课后反馈：下课前让学员口头回答或扫码填，助教汇总
A14: • 讲师复盘：讲完当天讲师自己填
... A19: 3. 学员问的原话 → 不要改写，原话最有用

Sheet 学员情况
A1: 学员情况
A2: 每位学员一行。练习列：每做完一个就选「做完」；没做完选「半途」；没做选「没做」；只看讲师演示选「看演示」。
A3: 编号 | B3: 做什么行业/工作 | C3: 电脑 | D3: ChatGPT 账号 | E3: Codex 装好了吗 | F3: 额度用完在 | G3: P28 打开 Codex、定规矩、做技能 | H3: P35 排计划 | I3: P39 整理邮箱、起草回复 | J3: P43 每日汇总（定时任务） | K3: P47 客户分析 | L3: P50 周报 | M3: P53 知识库 | N3: P58 报价计算器 | O3: 备注
A4: S00 | B4: 示例：咖啡店老板 | C4: Windows | D4: 免费 | E4: 现场装好 | F4: P47 客户分析 | G4: 做完 | H4: 做完 | I4: 做完 | J4: 半途 | K4: 没做 | L4: 没做 | M4: 没做 | N4: 看演示 | O4: 注册卡了 10 分钟
A5: S01
A6: S02
A7: S03
A8: S04
A9: S05
A10: S06
A11: S07
A12: S08
A13: S09
A14: S10
A15: S11
A16: S12
... A33: S29

Sheet 卡点记录
A1: 卡点记录
A2: 谁卡住了就记一条。「卡在哪」写具体的，比如「找不到 Codex 指令在哪」，不要只写「不会」。
A3: 时间 | B3: 课件页码 | C3: 哪个练习 | D3: 学员编号 | E3: 卡点类型 | F3: 卡在哪（具体） | G3: 怎么解决的 | H3: 花了几分钟 | I3: 要改课件吗
A4: 10:42 | B4: P26 | C4: P28 打开 Codex、定规矩、做技能 | D4: S03 | E4: 找不到按钮/入口 | F4: 找不到「Codex 指令」，以为在聊天框里粘贴 | G4: 助教带着点：设置 → 个性化 | H4: 5 | I4: 要

Sheet 学员提问
A1: 学员提问
A2: 记原话，不要改写。最后一列判断：这个问题是不是很多人都会问、要不要写进课件。
A3: 时间 | B3: 课件页码 | C3: 学员编号 | D3: 问题原话 | E3: 怎么回答的 | F3: 几个人问过类似的 | G3: 要加进课件吗
A4: 11:05 | B4: P19 | C4: S07 | D4: 那我用 WorkBuddy 可以吗？跟 Codex 有什么不一样？ | E4: 可以，方法一样，界面不同 | F4: 3 | G4: 要

Sheet 练习统计
A1: 练习统计（自动算，不用填）
A2: 根据「学员情况」和「卡点记录」自动统计。示例行（S00 和第一条示例卡点）也会算进去，正式用前把示例删掉。
A3: 练习 | B3: 做完 | C3: 半途 | D3: 没做 | E3: 看演示 | F3: 额度在这里用完 | G3: 卡点次数 | H3: 做完比例
A4: P28 打开 Codex、定规矩、做技能 | B4: =COUNTIF(学员情况!$G$4:$G$33,"做完") -> 1 | C4: =COUNTIF(学员情况!$G$4:$G$33,"半途") -> 0 | D4: =COUNTIF(学员情况!$G$4:$G$33,"没做") -> 0 | E4: =COUNTIF(学员情况!$G$4:$G$33,"看演示") -> 0 | F4: =COUNTIF(学员情况!$F$4:$F$33,A4) -> 0 | G4: =COUNTIF(卡点记录!$C$4:$C$63,A4) -> 1 | H4: =IFERROR(B4/SUM(B4:E4),"-") -> 1
A5: P35 排计划 | B5: =COUNTIF(学员情况!$H$4:$H$33,"做完") -> 1 | C5: =COUNTIF(学员情况!$H$4:$H$33,"半途") -> 0 | D5: =COUNTIF(学员情况!$H$4:$H$33,"没做") -> 0 | E5: =COUNTIF(学员情况!$H$4:$H$33,"看演示") -> 0 | F5: =COUNTIF(学员情况!$F$4:$F$33,A5) -> 0 | G5: =COUNTIF(卡点记录!$C$4:$C$63,A5) -> 0 | H5: =IFERROR(B5/SUM(B5:E5),"-") -> 1
A6: P39 整理邮箱、起草回复 | B6: =COUNTIF(学员情况!$I$4:$I$33,"做完") -> 1 | C6: =COUNTIF(学员情况!$I$4:$I$33,"半途") -> 0 | D6: =COUNTIF(学员情况!$I$4:$I$33,"没做") -> 0 | E6: =COUNTIF(学员情况!$I$4:$I$33,"看演示") -> 0 | F6: =COUNTIF(学员情况!$F$4:$F$33,A6) -> 0 | G6: =COUNTIF(卡点记录!$C$4:$C$63,A6) -> 0 | H6: =IFERROR(B6/SUM(B6:E6),"-") -> 1
A7: P43 每日汇总（定时任务） | B7: =COUNTIF(学员情况!$J$4:$J$33,"做完") -> 0 | C7: =COUNTIF(学员情况!$J$4:$J$33,"半途") -> 1 | D7: =COUNTIF(学员情况!$J$4:$J$33,"没做") -> 0 | E7: =COUNTIF(学员情况!$J$4:$J$33,"看演示") -> 0 | F7: =COUNTIF(学员情况!$F$4:$F$33,A7) -> 0 | G7: =COUNTIF(卡点记录!$C$4:$C$63,A7) -> 0 | H7: =IFERROR(B7/SUM(B7:E7),"-") -> 0
A8: P47 客户分析 | B8: =COUNTIF(学员情况!$K$4:$K$33,"做完") -> 0 | C8: =COUNTIF(学员情况!$K$4:$K$33,"半途") -> 0 | D8: =COUNTIF(学员情况!$K$4:$K$33,"没做") -> 1 | E8: =COUNTIF(学员情况!$K$4:$K$33,"看演示") -> 0 | F8: =COUNTIF(学员情况!$F$4:$F$33,A8) -> 1 | G8: =COUNTIF(卡点记录!$C$4:$C$63,A8) -> 0 | H8: =IFERROR(B8/SUM(B8:E8),"-") -> 0
A9: P50 周报 | B9: =COUNTIF(学员情况!$L$4:$L$33,"做完") -> 0 | C9: =COUNTIF(学员情况!$L$4:$L$33,"半途") -> 0 | D9: =COUNTIF(学员情况!$L$4:$L$33,"没做") -> 1 | E9: =COUNTIF(学员情况!$L$4:$L$33,"看演示") -> 0 | F9: =COUNTIF(学员情况!$F$4:$F$33,A9) -> 0 | G9: =COUNTIF(卡点记录!$C$4:$C$63,A9) -> 0 | H9: =IFERROR(B9/SUM(B9:E9),"-") -> 0
A10: P53 知识库 | B10: =COUNTIF(学员情况!$M$4:$M$33,"做完") -> 0 | C10: =COUNTIF(学员情况!$M$4:$M$33,"半途") -> 0 | D10: =COUNTIF(学员情况!$M$4:$M$33,"没做") -> 1 | E10: =COUNTIF(学员情况!$M$4:$M$33,"看演示") -> 0 | F10: =COUNTIF(学员情况!$F$4:$F$33,A10) -> 0 | G10: =COUNTIF(卡点记录!$C$4:$C$63,A10) -> 0 | H10: =IFERROR(B10/SUM(B10:E10),"-") -> 0
A11: P58 报价计算器 | B11: =COUNTIF(学员情况!$N$4:$N$33,"做完") -> 0 | C11: =COUNTIF(学员情况!$N$4:$N$33,"半途") -> 0 | D11: =COUNTIF(学员情况!$N$4:$N$33,"没做") -> 0 | E11: =COUNTIF(学员情况!$N$4:$N$33,"看演示") -> 1 | F11: =COUNTIF(学员情况!$F$4:$F$33,A11) -> 0 | G11: =COUNTIF(卡点记录!$C$4:$C$63,A11) -> 0 | H11: =IFERROR(B11/SUM(B11:E11),"-") -> 0
A13: 额度没用完的人数 | F13: =COUNTIF(学员情况!$F$4:$F$33,"没用完") -> 0
A14: 装不上 Codex 的人数 | F14: =COUNTIF(学员情况!$E$4:$E$33,"装不上") -> 0
A15: 要改课件的卡点 | F15: =COUNTIF(卡点记录!$I$4:$I$63,"要") -> 1

Sheet 课后反馈
A1: 课后反馈
A2: 下课前问学员这几个问题，每人一行。打分 1–5，5 分最好。
A3: 学员编号 | B3: 整体打几分（1–5） | C3: 最有用的是哪部分 | D3: 哪里听不懂 | E3: 回去第一个会用哪个 | F3: 会推荐给朋友吗（1–5） | G3: 其他意见
A4: S00 | B4: 4 | C4: 客户分析 | D4: Harness 那页 | E4: P43 每日汇总（定时任务） | F4: 5 | G4: 希望多一点时间做练习
A5: S01
A6: S02
A7: S03
A8: S04
A9: S05
A10: S06
A11: S07
A12: S08
A13: S09
A14: S10
A15: S11
A16: S12
... A33: S29

Sheet 讲师复盘
A1: 讲师复盘
A2: 讲完当天填。每个问题写一两句就行。
A4: 实际讲了多久？哪一部分超时最多？
A5: 哪几页讲得太快、学员没跟上？（写页码）
A6: 哪几页太啰嗦、可以删？（写页码）
A7: 免费账号的学员，额度大概撑到第几个练习？
A8: 现场最耗时间的是什么？（装软件、注册、连插件……）
A9: 助教够不够？下次要几个？
A10: 学员最感兴趣的是哪部分？
A11: 下次一定要改的三件事
